,LMvsFBA cohen,LMvsRAS cohen,FBAvsRAS cohen,LMvsFBA pearson,LMvsRAS pearson,FBAvsRAS pearson
RPI:ru5p__D_c --> r5p_c,0.46808510638297884,0.6808510638297873,0.7959183673469388,0.5298123000416319,0.7405298798746631,0.882463848176498
TYRTA:akg_c + tyr__L_c --> 34hpp_c + glu__L_c,0.326923076923077,0.6590909090909092,0.05660377358490576,0.5967148659445977,0.6512085401579458,0.48737506045641354
MTHFD2i_b:mlthf_c + nad_c --> methf_c + nadh_c,0.46808510638297873,0.5833333333333334,0.5,0.029133141716272848,0.47751357358186386,0.8226098973798329
PGCD:3pg_c + nad_c --> 3php_c + h_c + nadh_c,0.042553191489361764,0.5454545454545454,-0.12244897959183687,0.2829595154612884,0.9857890207151692,0.367276022097751
RPE_b:xu5p__D_c --> ru5p__D_c,0.23076923076923062,0.4897959183673469,0.4565217391304347,0.6947838399642491,0.750735147066004,0.8405753388724182
RPE_f:ru5p__D_c --> xu5p__D_c,0.46808510638297884,0.4897959183673469,0.8,0.5664716137998488,0.750735147066004,0.8753582096625838
r0450:L2aadp_m + akg_m --> 2oxoadp_m + glu__L_m,-0.0869565217391306,0.47916666666666663,0.27083333333333326,-0.4104211975260325,0.8566033099966012,0.037716758103420914
MMEm:mmcoa__S_m --> mmcoa__R_m,0.042553191489361764,0.46808510638297873,0.04761904761904767,0.49362938318441485,0.8663733523640349,0.44207894486124044
G6PDH2r:g6p_c + nadp_c --> 6pgl_c + h_c + nadph_c,-0.12244897959183665,0.4,-0.14583333333333348,-0.6957478094986933,0.8296987832696433,-0.6647942483603043
VALTAim:akg_m + val__L_m --> 3mob_m + glu__L_m,0.2857142857142858,0.2857142857142858,0.6,0.26179186272619726,0.5429034055179915,0.8496845759525022
LEUTAm:akg_m + leu__L_m --> 4mop_m + glu__L_m,-0.12244897959183665,0.2857142857142858,0.375,0.06117079164174133,0.4344004406706165,0.5819089870881161
ADSL2r:25aics_c --> aicar_c + fum_c,0.2222222222222222,0.2857142857142856,0.2857142857142858,0.41149958775345874,0.7733960080717769,0.4953640025929089
ALATA_L_b:akg_c + ala__L_c --> glu__L_c + pyr_c,0.0,0.24528301886792447,0.5833333333333333,0.15027163470521593,0.5264880392486319,0.8696090973352371
GLYAMDTRc:arg__L_c + gly_c --> gudac_c + orn_c,-0.12244897959183665,0.2222222222222222,-0.11111111111111116,0.15593767431601557,0.373899155976518,-0.11288150057882491
GND:6pgc_c + nadp_c --> co2_c + nadph_c + ru5p__D_c,0.23913043478260865,0.21875,0.16666666666666663,0.3755579359630433,0.47237318839923037,-0.1502959477582928
TKT2_f:e4p_c + xu5p__D_c --> f6p_c + g3p_c,-0.11111111111111116,0.21052631578947367,-0.04166666666666674,-0.2197790134340676,-0.7011629724819008,0.32471377121463874
ADSL1r:dcamp_c --> amp_c + fum_c,0.4444444444444444,0.16666666666666674,0.2857142857142858,0.7067897370959854,0.5054266223494016,0.49625331663662425
RNDR2:gdp_c --> dgdp_c + h2o_c,0.23913043478260865,0.16666666666666652,0.1836734693877552,0.39054371482330025,-0.0018997380522334656,0.36609820668194115
r0801_b:gdp_m + gtp_c --> gdp_c + gtp_m,-0.13636363636363624,0.11764705882352955,0.11764705882352955,-0.49004697404324765,0.08127201743233396,0.3849723386438446
r0801_f:gdp_c + gtp_m --> gdp_m + gtp_c,-0.09756097560975618,0.11764705882352955,0.16666666666666663,-0.32100953495103607,0.08127201743233396,0.5386421068575186
ADSS:asp__L_c + gtp_c + imp_c --> dcamp_c + gdp_c + 2.0 h_c + pi_c,0.25531914893617036,0.11764705882352922,0.03846153846153855,0.44226143639865306,0.47934453794664456,0.3736739579466846
TKT2_b:f6p_c + g3p_c --> e4p_c + xu5p__D_c,0.2222222222222222,0.10256410256410253,0.5833333333333333,-0.003273478654139572,-0.4704761984100865,0.8435214007554898
SERD_L:ser__L_c --> nh4_c + pyr_c,0.0,0.10256410256410253,-0.7,-0.29693372996245104,0.6294034095981583,-0.8595637924937345
CYSTA:akg_c + cys__L_c --> glu__L_c + mercppyr_c,0.5833333333333333,0.042553191489361764,0.46808510638297873,0.5101978698664591,-0.061188776383601776,0.5624309080422774
CYSTS:hcys__L_c + ser__L_c --> cyst__L_c + h2o_c,0.13043478260869557,0.042553191489361764,0.8979591836734694,0.22876422729501045,0.20214075874460458,0.9990267155989048
IPDDI:ipdp_c --> dmpp_c,0.0,0.0,0.574468085106383,0.9160727934816247,0.4981719163096451,0.7630749964048171
ME2m:mal__L_m + nadp_m --> co2_m + nadph_m + pyr_m,0.0,0.0,-0.35416666666666674,0.8956065509464926,-0.4337675694385459,-0.685906401276083
ME2:mal__L_c + nadp_c --> co2_c + nadph_c + pyr_c,0.0,0.0,0.13461538461538447,0.7221062524670433,-0.395897042938123,0.18189291017721987
5MTHFt:5mthf_c --> 5mthf_e,0.0,0.0,0.6590909090909091,-0.678454089166345,-0.5787700177070005,0.9607789896267362
METS:5mthf_c + hcys__L_c --> h_c + met__L_c + thf_c,0.0,0.0,-0.5384615384615383,-0.04148201769103571,0.2873845855863193,-0.8932282406850268
FBA:fdp_c --> dhap_c + g3p_c,0.0,0.0,0.7,-0.11684948292785066,0.3493718150704697,0.8596227476323873
HMR_1465:2.0 frdp_c --> HC01118_c + ppi_c,-0.19999999999999996,0.0,0.0,-0.16526744665230492,,
FUMm_b:mal__L_m --> fum_m + h2o_m,0.0,0.0,0.574468085106383,-0.3564350440445212,-0.21702076865583136,0.7376634736377699
FUM_b:mal__L_c --> fum_c + h2o_c,0.0,0.0,0.6341463414634145,-0.43105239445144516,-0.21702076865583136,0.7030032550143834
PDHm:coa_m + nad_m + pyr_m --> accoa_m + co2_m + nadh_m,0.08163265306122458,0.0,-0.6000000000000001,0.3912560882944417,0.23703744133741175,-0.7387239144777937
SUCOAS1m_b:coa_m + gtp_m + succ_m --> gdp_m + pi_m + succoa_m,0.0,0.0,0.4318181818181819,-0.4279469795980271,-0.6435185242991927,0.9166185748962145
AKGDm:akg_m + coa_m + nad_m --> co2_m + nadh_m + succoa_m,0.0,0.0,-0.4814814814814814,-0.21132414011392647,0.2065810367016309,-0.9462476358949897
MDHm_f:mal__L_m + nad_m --> h_m + nadh_m + oaa_m,0.24528301886792447,-0.022727272727272707,0.4318181818181819,0.25214312730407384,0.025971256705374174,0.9557529397709136
TALA_f:g3p_c + s7p_c --> e4p_c + f6p_c,-0.07843137254901977,-0.03773584905660354,0.375,-0.23343869290533184,-0.27301122989477394,0.7488567803747747
DmAla:ala__L_c --> ala__L_e,0.46808510638297873,-0.05263157894736836,-0.4130434782608696,0.5021181358172531,0.0517801950344214,-0.45291233100738754
SUCFUMtm_r:fum_m + succ_c --> fum_c + succ_m,-0.3999999999999999,-0.0869565217391306,0.24528301886792458,-0.4701458580949499,-0.1899327049872408,0.757860419696538
ASPTA_f:akg_c + asp__L_c --> glu__L_c + oaa_c,-0.2857142857142858,-0.09756097560975618,0.4285714285714286,-0.28533644229133814,-0.3307738666293608,0.7728602235660367
MMMm:mmcoa__R_m --> succoa_m,-0.19999999999999996,-0.09756097560975618,0.5098039215686274,-0.7632282191281035,-0.556912886281995,0.761032746547861
ACONT:cit_c --> icit_c,0.7727272727272727,-0.09756097560975618,0.14634146341463405,0.9795447957086899,-0.270484266340823,-0.1827307255031046
3SALAASPm:3sala_c + asp__L_m --> 3sala_m + asp__L_c,-0.3999999999999999,-0.12244897959183665,0.2857142857142858,-0.6423109107203513,-0.26880627991462924,0.4300140396351849
OCOAT1m:acac_m + succoa_m --> aacoa_m + succ_m,0.25531914893617025,-0.13636363636363624,0.09836065573770492,0.30860616967299825,0.09705836877106255,0.40922495829425526
PGM_f:3pg_c --> 2pg_c,-0.03773584905660354,-0.17021276595744683,0.5454545454545454,-0.08514934840427565,-0.6642106172239114,0.7608111682448335
AICART:10fthf_c + aicar_c --> fprica_c + thf_c,0.18367346938775497,-0.17021276595744705,0.4897959183673469,0.42187427697974333,-0.18442699512976274,0.632455737085086
ACONTm_f:cit_m --> icit_m,-0.2765957446808509,-0.1842105263157896,0.6739130434782609,-0.5864301060821264,-0.41842174951766564,0.9597158568292039
DmLact:lac__L_c --> lac__L_e,-0.19999999999999996,-0.19047619047619047,0.7619047619047619,-0.7035661168108314,-0.6383147932492994,0.978051219775484
TALA_b:e4p_c + f6p_c --> g3p_c + s7p_c,-0.13636363636363624,-0.20370370370370372,0.08163265306122458,-0.3973190695135684,-0.3196356483002984,0.6049076460417131
TKT1_b:g3p_c + s7p_c --> r5p_c + xu5p__D_c,-0.11111111111111116,-0.21621621621621623,0.4318181818181819,-0.2502505451651488,-0.5447618142875691,0.8011938529197874
G5SADs_f:glu5sa_c --> 1pyr5c_c + h2o_c + h_c,0.16666666666666652,-0.25,0.43181818181818177,0.6356041901493189,-0.22305062395752528,0.4858679636556496
ME1m:mal__L_m + nad_m --> co2_m + nadh_m + pyr_m,-0.10000000000000009,-0.25,-0.19999999999999996,-0.017081692228798684,-0.4361667343992377,-0.35714465309114285
ARGSL:argsuc_c --> arg__L_c + fum_c,0.16666666666666674,-0.25,-0.34615384615384603,0.380008143663605,-0.12110487088816307,-0.6303642970867673
DPGM:13dpg_c --> 23dpg_c + h_c,0.08163265306122458,-0.2765957446808509,-0.17021276595744705,0.36238930986038,-0.6891247475077323,0.06224319377087743
PGK:13dpg_c + adp_c --> 3pg_c + atp_c,-0.6666666666666667,-0.2765957446808509,0.5454545454545454,-0.5056052204632011,-0.6123156393666672,0.6228715742521094
ACACT1r:2.0 accoa_c --> aacoa_c + coa_c,-0.17021276595744683,-0.2962962962962963,0.1836734693877552,-0.8263462992239002,-0.27431356975901344,0.5681203407085818
r0962:fol_c --> fol_m,0.125,-0.30000000000000004,-0.3999999999999999,0.21921559019910047,-0.4279223371411068,-0.7813827098510848
r0514:fol_m + nadph_m --> dhf_m + nadp_m,0.125,-0.3157894736842106,-0.6304347826086958,-0.14934353937861156,0.03465761012829721,-0.85323469636802
FOLR2:fol_c + nadph_c --> dhf_c + nadp_c,-0.022727272727272707,-0.3157894736842106,-0.3541666666666665,-0.2051725235605378,0.03465761012829721,-0.5387501391017108
PGI:g6p_c --> f6p_c,-0.30434782608695654,-0.3265306122448981,0.08333333333333337,-0.5494640782258295,-0.6985141980744624,0.7563875329972094
MDH_f:mal__L_c + nad_c --> h_c + nadh_c + oaa_c,-0.3829787234042552,-0.36363636363636354,0.6808510638297871,-0.5381444371614414,-0.6346933327315709,0.949931164819477
AKGMALtm_b:akg_m + mal__L_c --> akg_c + mal__L_m,-0.45833333333333304,-0.41509433962264164,0.6590909090909091,-0.6478258906371989,-0.46693738588469563,0.9195909699496816
AKGMALtm_f:akg_c + mal__L_m --> akg_m + mal__L_c,-0.4444444444444444,-0.41509433962264164,0.5652173913043479,-0.5845964974570046,-0.46693738588469563,0.9049818989416893
VALTA:akg_c + val__L_c --> 3mob_c + glu__L_c,-0.5306122448979591,-0.4583333333333335,0.5098039215686274,-0.7723337644054438,-0.7872559966514812,0.946597242580163
LEUTA:akg_c + leu__L_c --> 4mop_c + glu__L_c,-0.04166666666666674,-0.4583333333333335,0.23076923076923084,-0.3879683452832545,-0.7350594409747113,0.8754053173461185
DmAsp:asp__L_c --> asp__L_e,-0.3414634146341464,-0.4634146341463412,0.8571428571428572,-0.35013787049593703,-0.3454568005465053,0.9952128761123714
RNDR1:adp_c --> dadp_c + h2o_c,-0.22448979591836737,-0.5555555555555556,0.1836734693877552,-0.10269084155028002,-0.6308480371886729,0.37317881630532085
ASPT:asp__L_c --> fum_c + nh4_c,0.30000000000000004,-0.7073170731707319,-0.10000000000000009,0.43989074974491005,-0.8756454970526326,-0.08543135042757369
2OXOADOXm:2oxoadp_m + coa_m + nad_m --> co2_m + glutcoa_m + nadh_m,,,0.05660377358490576,,,0.3938714653953769
2OXOADPTm:2oxoadp_c + akg_m --> 2oxoadp_m + akg_c,,,-0.47058823529411775,,,-0.9374558736939156
34HPPOR:34hpp_c + o2_c --> co2_c + hgentis_c,,,-0.12244897959183687,,,0.3270550091739788
3HAO:3hanthrn_c + o2_c --> cmusa_c + h_c,,,0.11111111111111116,,,0.555607338387121
3HBCDm:b2coa_m + h2o_m --> 3hbcoa__R_m,,,-0.22448979591836715,,,-0.6243708883703416
3HBCOAHLm:3hibutcoa_m + h2o_m --> 3hmp_m + coa_m + h_m,,,,,,
3MOBt2im:3mob_c + h_c --> 3mob_m + h_m,,,,,,
3MOPt2im:3mop_c + h_c --> 3mop_m + h_m,,,,,,
3SALATAi:3sala_c + akg_c + h_c --> 3snpyr_c + glu__L_c,,,-0.13207547169811318,,,-0.514944933522619
3SALATAim:3sala_m + akg_m + h_m --> 3snpyr_m + glu__L_m,,,0.2857142857142858,,,0.45971458994835646
3SPYRSP:3snpyr_c + h2o_c --> h_c + pyr_c + so3_c,,,,,,
3SPYRSPm:3snpyr_m + h2o_m --> h_m + pyr_m + so3_m,,,,,,
4MOPt2im:4mop_c + h_c --> 4mop_m + h_m,,,,,,
AACOAT:acac_c + atp_c + coa_c --> aacoa_c + amp_c + ppi_c,,,-0.12068965517241392,,,0.03082792370055868
AASAD3m:L2aadp6sa_m + h2o_m + nad_m --> L2aadp_m + 2.0 h_m + nadh_m,,,,,,
ABUTD:4abutn_c + h2o_c + nad_c --> 4abut_c + 2.0 h_c + nadh_c,,,,,,
ABUTH:HC00576_c + h2o_c --> 4abut_c + his__L_c,,,0.4736842105263158,,,0.5164400502552536
ACACT1m:aacoa_m + coa_m --> 2.0 accoa_m,,,-0.22448979591836715,,,-0.6847469411711282
ACCOAC:accoa_c + atp_c + hco3_c --> adp_c + h_c + malcoa_c + pi_c,,,0.07407407407407418,,,0.21036672371012452
ACITL:atp_c + cit_c + coa_c --> accoa_c + adp_c + oaa_c + pi_c,,,-0.24999999999999978,,,-0.19163711102283434
ACOAD8m:fad_m + ivcoa_m --> 3mb2coa_m + fadh2_m,,,-0.4130434782608696,,,-0.6350731925817339
ACOAD9m:fad_m + ibcoa_m --> 2mp2coa_m + fadh2_m,,,0.15094339622641517,,,0.3916293076774613
ACONTm_b:icit_m --> cit_m,,,0.4736842105263158,,,0.832973834591808
ADK1:amp_c + atp_c --> 2.0 adp_c,,,-0.19999999999999996,,,-0.0033109523682930964
ADMDC:amet_c + h_c --> ametam_c + co2_c,,,-0.5306122448979593,,,-0.9242740442371202
ADNK1:adn_c + atp_c --> adp_c + amp_c + h_c,,,-0.04166666666666674,,,0.11980059120671566
ADPT:ade_c + prpp_c --> amp_c + ppi_c,,,0.25531914893617025,,,0.6018787904864105
AHCi:ahcys_c + h2o_c --> adn_c + hcys__L_c,,,0.4736842105263158,,,0.5131627729624418
AIRCr:air_c + co2_c --> 5aizc_c + h_c,,,0.3750000000000001,,,0.37665105011271227
ALAPAT4te:ala__L_e --> ala__L_c,,,-0.32352941176470584,,,-0.36822714884882546
ALATA_L_f:glu__L_c + pyr_c --> akg_c + ala__L_c,,,0.08163265306122458,,,0.5476762421854229
AM6SAD:am6sa_c + h2o_c + nad_c --> amuco_c + 2.0 h_c + nadh_c,,,,,,
AMCOXO:amuco_c + h2o_c + h_c + nadph_c --> 2oxoadp_c + nadp_c + nh4_c,,,,,,
ANTHte:anth_c --> anth_e,,,,,,
ARGDr:arg__L_c + h2o_c --> citr__L_c + nh4_c,,,,,,
ARGN:arg__L_c + h2o_c --> orn_c + urea_c,,,0.0,,,0.2011027023310203
ARGSS:asp__L_c + atp_c + citr__L_c --> amp_c + argsuc_c + h_c + ppi_c,,,0.15094339622641517,,,0.6680347216710799
ARGt5r_r:arg__L_e --> arg__L_c,,,0.6,,,0.9104835803871247
ASNN:asn__L_c + h2o_c --> asp__L_c + nh4_c,,,0.45945945945945954,,,0.3812405484417113
ASNS1:asp__L_c + atp_c + gln__L_c + h2o_c --> amp_c + asn__L_c + glu__L_c + h_c + ppi_c,,,-0.0714285714285714,,,-0.24949941950298343
ASP1DC:asp__L_c + h_c --> ala_B_c + co2_c,,,-0.19047619047619047,,,-0.438733438762523
ASPCT:asp__L_c + cbp_c --> cbasp_c + h_c + pi_c,,,-0.07843137254901977,,,0.14846704166758712
ASPGLUm:asp__L_m + glu__L_c + h_c --> asp__L_c + glu__L_m + h_m,,,-0.8,,,-0.98006777677621
ASPTA_b:glu__L_c + oaa_c --> akg_c + asp__L_c,,,0.8780487804878049,,,0.9812520417685915
ASPTAm:glu__L_m + oaa_m --> akg_m + asp__L_m,,,-0.19999999999999996,,,-0.34789691550751
ASPte_r:asp__L_e --> asp__L_c,,,0.8571428571428572,,,0.9954219783869261
ATPM:atp_c + h2o_c --> adp_c + h_c + pi_c,,,,,,
ATPS4mi:adp_m + 4.0 h_c + pi_m --> atp_m + h2o_m + 3.0 h_m,,,0.09090909090909094,,,0.5744987934415622
ATPtm:adp_c + atp_m --> adp_m + atp_c,,,0.2857142857142858,,,-0.056181994101739616
AcetoacetylACPsynthesis:acACP_c + malACP_c --> ACP_c + HC01587_c + co2_c,,,-0.30434782608695654,,,-0.610556706971463
BBHOX:4tmeabutn_c + akg_c + o2_c --> co2_c + crn_c + succ_c,,,0.6875,,,0.9533386439124071
Biomass:0.505626 ala__L_c + 0.35926 arg__L_c + 0.279425 asn__L_c + 0.352607 asp__L_c + 20.704451 atp_c + 0.020401 chsterol_c + 0.039036 ctp_c + 0.046571 cys__L_c + 0.013183 datp_c + 0.009442 dctp_c + 0.009898 dgtp_c + 0.013091 dttp_c + 0.275194 g6p_c + 0.325996 gln__L_c + 0.385872 glu__L_c + 0.538891 gly_c + 0.036117 gtp_c + 20.650823 h2o_c + 0.271039 hdca_c + 0.126406 his__L_c + 0.286078 ile__L_c + 0.545544 leu__L_c + 0.592114 lys__L_c + 0.153018 met__L_c + 0.259466 phe__L_c + 0.412484 pro__L_c + 0.392525 ser__L_c + 0.31269 thr__L_c + 0.013306 trp__L_c + 0.159671 tyr__L_c + 0.053446 utp_c + 0.352607 val__L_c --> BIOMASSA_c + 20.650823 adp_c + 20.650823 h_c + 20.650823 pi_c,,,,,,
C14STR:44mctr_c + h_c + nadph_c --> 44mzym_c + nadp_c,,,-0.25,,,-0.02879242607759172
C3STDH1:4mzym_int1_c + nad_c --> 4mzym_int2_c + co2_c + h_c + nadh_c,,,0.46808510638297873,,,0.840208984932834
CARN160t_m:crn_m + pmtcrn_c --> crn_c + pmtcrn_m,,,-0.17647058823529416,,,0.19397718804173386
CARPEPT1tc_r:carn_e + h_e --> carn_c + h_c,,,0.2857142857142857,,,0.7957865180885833
CBPS:2.0 atp_c + gln__L_c + h2o_c + hco3_c --> 2.0 adp_c + cbp_c + glu__L_c + 2.0 h_c + pi_c,,,-0.07843137254901977,,,0.14846704166758712
CBPSam:2.0 atp_m + hco3_m + nh4_m --> 2.0 adp_m + cbp_m + 2.0 h_m + pi_m,,,0.0,,,
CE2705t:CE2705_c --> CE2705_e,,,-0.3999999999999999,,,-0.314976214151642
CHLSTI_1:zymst_c --> chlstol_c,,,0.14893617021276595,,,0.14264005269141072
CKc_cho:atp_c + creat_c --> adp_c + h_c + pcreat_c,,,-0.0869565217391306,,,-0.3527636870899498
CMPuptake_r:cmp_e --> cmp_c,,,,,,
CO2t:co2_c --> co2_e,,,,,,
CO2tm_b:co2_m --> co2_c,,,,,,
CO2tm_f:co2_c --> co2_m,,,,,,
CRNt:crn_c --> crn_e,,,0.7959183673469388,,,0.9084665251421716
CRTNsyn_cho:pcreat_c --> crtn_c + pi_c,,,,,,
CRTNtr:crtn_c --> crtn_e,,,,,,
CSNt_r:csn_e --> csn_c,,,0.18181818181818177,,,0.7000554886305959
CSm:accoa_m + h2o_m + oaa_m --> cit_m + coa_m + h_m,,,0.021739130434782483,,,-0.3674142941657266
CTPS1:atp_c + nh4_c + utp_c --> adp_c + ctp_c + 2.0 h_c + pi_c,,,0.0,,,0.04499037620106808
CYANt_r:cyan_e --> cyan_c,,,,,,
CYOOm2i:4.0 focytC_m + 8.0 h_m + o2_m --> 4.0 ficytC_m + 2.0 h2o_m + 4.0 h_c,,,0.5121951219512195,,,0.7689403813393607
CYOR_u10mi:2.0 ficytC_m + 2.0 h_m + q10h2_m --> 2.0 focytC_m + 4.0 h_c + q10_m,,,-0.16279069767441867,,,0.10972849253437078
CYSO:cys__L_c + o2_c --> 3sala_c + 2.0 h_c,,,0.021739130434782483,,,0.5659494096739144
CYSTGL:cyst__L_c + h2o_c --> 2obut_c + cys__L_c + nh4_c,,,-0.15384615384615397,,,0.15338644582907912
CYStec_r:cys__L_e --> cys__L_c,,,0.30000000000000004,,,0.7284608442039311
CYTK1_r:atp_c + cmp_c --> adp_c + cdp_c,,,0.19999999999999996,,,0.48986196106601143
Complex1ROS:4.75 h_m + nadh_m + 0.05 o2_m + 0.95 q10_m --> 3.8 h_c + nad_m + 0.05 o2s_m + 0.95 q10h2_m,,,0.47916666666666663,,,0.7788912006848441
CystineGSH:Lcystin_c + 2.0 gthrd_c --> 2.0 cys__L_c + gthox_c,,,,,,
CystinePyruvate:Lcystin_c + h2o_c --> nh4_c + pyr_c,,,,,,
CystineReductaseNADH:Lcystin_c + h_c + nadh_c --> 2.0 cys__L_c + nad_c,,,,,,
CystineReductaseNADPH:Lcystin_c + h_c + nadph_c --> 2.0 cys__L_c + nadp_c,,,0.3137254901960784,,,0.30106153550767945
DHAPtm:dhap_m --> dhap_c,,,,,,
DHFR:dhf_c + h_c + nadph_c --> nadp_c + thf_c,,,0.23913043478260865,,,0.6469435559856931
DHFRim:dhf_m + h_m + nadph_m --> nadp_m + thf_m,,,-0.6304347826086958,,,-0.85323469636802
DHORD9:dhor__S_c + q10_m --> orot_c + q10h2_m,,,0.375,,,0.6627310919411623
DHORTS:cbasp_c + h_c --> dhor__S_c + h2o_c,,,-0.07843137254901977,,,0.14846704166758712
DKMPPD:dkmpp_c + h2o_c + o2_c --> 2kmb_c + for_c + 2.0 h_c + pi_c,,,,,,
DMATT:dmpp_c + ipdp_c --> grdp_c + ppi_c,,,-0.14583333333333348,,,-0.2226506632912616
DM_asp__L_e:asp__L_e --> ,,,,,,
DPGase:23dpg_c + h2o_c --> 3pg_c + pi_c,,,-0.17021276595744705,,,0.06224319377087743
DPMVD:5dpmev_c + atp_c --> adp_c + co2_c + ipdp_c + pi_c,,,0.08163265306122458,,,0.22572287886128808
DSMSTOLR:dsmsterol_c + h_c + nadph_c --> chsterol_c + nadp_c,,,,,,
DTMPK:atp_c + dtmp_c --> adp_c + dtdp_c,,,,,,
Dm2oxobutyrate:2obut_c --> 2obut_e,,,,,,
DmBiomass:BIOMASSA_c --> BIOMASSA_e,,,,,,
DmGSSG:gthox_m --> gthox_e,0.34782608695652184,,,0.30385125713759803,,
DmH2O2:h2o2_m --> h2o2_e,,,,,,
DmPalm:hdca_c --> hdca_e,,,-0.39534883720930236,,,-0.48437715048031016
ECOAH12m:2mp2coa_m + h2o_m --> 3hibutcoa_m,,,0.4680851063829786,,,0.45215260803203333
ENO_b:h2o_c + pep_c --> 2pg_c,,,0.6875,,,0.9636817856178608
ENO_f:2pg_c --> h2o_c + pep_c,,,0.6875,,,0.9143506224981934
EXRiboflavin:ribflv_e --> ribflv_c,,,,,,
EX_2obut_e:2obut_e --> ,,,,,,
EX_3hydroxybutanoatex_r: --> CE5126_e,,,,,,
EX_4abut:4abut_e --> ,,,,,,
EX_5mthf_e:5mthf_e --> ,,,,,,
EX_CE2705_e:CE2705_e --> ,,,,,,
EX_HC00576:HC00576_e --> ,,,,,,
EX_ala_B:ala_B_e --> ,,,,,,
EX_ala__L_e_b: --> ala__L_e,,,,,,
EX_ala__L_e_f:ala__L_e --> ,,,,,,
EX_anth_e:anth_e --> ,,,,,,
EX_arg__L_e_r: --> arg__L_e,,,,,,
EX_asn__L_e: --> asn__L_e,,,,,,
EX_asp__L_e: --> asp__L_e,,,,,,
EX_biomassx:BIOMASSA_e --> ,,,,,,
EX_carn_e_r: --> carn_e,,,,,,
EX_cmp_e_r: --> cmp_e,,,,,,
EX_co2_e:co2_e --> ,,,,,,
EX_crn_e:crn_e --> ,,,,,,
EX_crtn_e:crtn_e --> ,,,,,,
EX_csn_e_r: --> csn_e,,,,,,
EX_cyan_e_r: --> cyan_e,,,,,,
EX_cys__L_e: --> cys__L_e,,,,,,
EX_cystinex_r: --> Lcystin_e,,,,,,
EX_fol_e_r: --> fol_e,,,,,,
EX_glc__D_e_r: --> glc__D_e,,,,,,
EX_gln__L_e_r: --> gln__L_e,,,,,,
EX_gluIN__L_e: --> glu__L_e,,,,,,
EX_gluOUT__L_e:glu__L_e --> ,,,,,,
EX_gly_e_r: --> gly_e,,,,,,
EX_gthox_e:gthox_e --> ,,,,,,
EX_gthrd_e_r: --> gthrd_e,,,,,,
EX_gudac_e:gudac_e --> ,,,,,,
EX_h2o2_e:h2o2_e --> ,,,,,,
EX_h2o_e_b: --> h2o_e,,,,,,
EX_h2o_e_f:h2o_e --> ,,,,,,
EX_h_e_b: --> h_e,,,,,,
EX_h_e_f:h_e --> ,,,,,,
EX_hdca_e_b: --> hdca_e,,,,,,
EX_hdca_e_f:hdca_e --> ,,,,,,
EX_his__L_e_r: --> his__L_e,,,,,,
EX_ile__L_e_r: --> ile__L_e,,,,,,
EX_lac__L_e:lac__L_e --> ,,,,,,
EX_leu__L_e_r: --> leu__L_e,,,,,,
EX_lys__L_e_r: --> lys__L_e,,,,,,
EX_met__L_e_r: --> met__L_e,,,,,,
EX_nh4_e:nh4_e --> ,,,,,,
EX_o2_e_r: --> o2_e,,,,,,
EX_octanoyl_ACP: --> octanoyl_ACP_e,,,,,,
EX_phe__L_e_r: --> phe__L_e,,,,,,
EX_pi_e_r: --> pi_c,,,,,,
EX_pro__L_e: --> pro__L_e,,,,,,
EX_ptrcIN_e: --> ptrc_e,,,,,,
EX_ptrcOUT_e:ptrc_e --> ,,,,,,
EX_pyr_e: --> pyr_e,,,,,,
EX_ribflv_e:ribflv_e --> ,,,,,,
EX_ser__L_e_r: --> ser__L_e,,,,,,
EX_so3_e:so3_e --> ,,,,,,
EX_spmd_e:spmd_e --> ,,,,,,
EX_sprm_e:sprm_e --> ,,,,,,
EX_tcynt_e:tcynt_e --> ,,,,,,
EX_tcyntc:tcynt_c --> ,,,,,,
EX_thbpt_e_r: --> thbpt_e,,,,,,
EX_thr__L_e_r: --> thr__L_e,,,,,,
EX_thymd: --> thymd_e,,,,,,
EX_tmlys_e_r: --> tmlys_e,,,,,,
EX_trp__L_e_r: --> trp__L_e,,,,,,
EX_tyr__L_e_r: --> tyr__L_e,,,,,,
EX_ump_e_r: --> ump_e,,,,,,
EX_urea_e:urea_e --> ,,,,,,
EX_val__L_e_r: --> val__L_e,,,,,,
Ex3HB:CE5126_e + h_e --> CE5126_c + h_c,,,,,,
ExCystineGlu:Lcystin_e + glu__L_c --> Lcystin_c + glu__L_e,,,,,,
ExCystineSer:Lcystin_e + ser__L_c --> Lcystin_c + ser__L_e,,,,,,
ExSulfitem:so3_m --> so3_e,,,,,,
FA160ACPH:h2o_c + hexadecanoyl_ACP_c --> ACP_c + hdca_c,,,-0.30434782608695654,,,-0.610515721365264
FADH2ETC:fadh2_m + q10_m --> fad_m + q10h2_m,,,-0.17021276595744683,,,-0.3600476657922628
FASN:ACP_c + accoa_c --> acACP_c + coa_c,,,-0.30434782608695654,,,-0.610556706971463
FBP:fdp_c + h2o_c --> f6p_c + pi_c,,,0.3902439024390243,,,0.8097770902781224
FKYNH:5hoxnfkyn_c + h2o_c --> Lkynr_c + for_c + h_c,,,,,,
FMNAT:atp_c + fmn_c + h_c --> fad_c + ppi_c,,,0.0,,,
FORtm_r:for_c --> for_m,,,,,,
FTCD:5forthf_c + 2.0 h_c --> methf_c + nh4_c,,,0.1346153846153847,,,-0.2713795642193124
FTHFDH:10fthf_c + h2o_c + nadp_c --> co2_c + h_c + nadph_c + thf_c,,,-0.1607142857142858,,,-0.5424363840489629
FTHFLi:atp_c + for_c + thf_c --> 10fthf_c + adp_c + pi_c,,,-0.4893617021276595,,,-0.5144657741808272
FTHFLmi:atp_m + for_m + thf_m --> 10fthf_m + adp_m + pi_m,,,-0.5625,,,-0.9135323505714725
FUMAC:4fumacac_c + h2o_c --> acac_c + fum_c + h_c,,,-0.30000000000000004,,,-0.803509944113888
FUM_f:fum_c + h2o_c --> mal__L_c,,,-0.09756097560975618,,,-0.26306197842254664
FUMm_f:fum_m + h2o_m --> mal__L_m,,,0.6808510638297873,,,0.8454437578065557
FUMtm_b:fum_m + pi_c --> fum_c + pi_m,,,0.7727272727272727,,,0.8457802459475212
FUMtm_f:fum_c + pi_m --> fum_m + pi_c,,,0.8214285714285714,,,0.8547432772928047
G3PD1ir:dhap_c + h_c + nadh_c --> glyc3p_c + nad_c,,,0.4,,,0.859543637821361
G3PDm:fad_m + glyc3p_m --> dhap_m + fadh2_m,,,,,,
G5SADs_b:1pyr5c_c + h2o_c + h_c --> glu5sa_c,,,0.2857142857142858,,,0.7623184733917965
G6PP:g6p_c + h2o_c --> glc__D_c + pi_c,,,0.09999999999999998,,,0.09084196022558522
GACMTRc:amet_c + gudac_c --> ahcys_c + creat_c + h_c,,,0.1836734693877552,,,-0.08753901992903002
GAPD:g3p_c + nad_c + pi_c --> 13dpg_c + h_c + nadh_c,,,0.5652173913043478,,,0.47908631265980295
GARFT:10fthf_c + gar_c --> fgam_c + h_c + thf_c,,,0.30000000000000004,,,0.5354045940097667
GDHm:glu__L_m + h2o_m + nad_m --> akg_m + h_m + nadh_m + nh4_m,,,-0.375,,,-0.5169416288995649
GDR:gthox_c + h_c + nadh_c --> 2.0 gthrd_c + nad_c,,,0.5348837209302326,,,0.43054441043338487
GDRm:gthox_m + h_m + nadh_m --> 2.0 gthrd_m + nad_m,,,-0.39534883720930236,,,-0.4380862390028125
GHMT2r_b:gly_c + h2o_c + mlthf_c --> ser__L_c + thf_c,,,0.6052631578947368,,,0.3046375584413954
GHMT2r_f:ser__L_c + thf_c --> gly_c + h2o_c + mlthf_c,,,0.4318181818181819,,,0.37179211402644585
GHMT2rm:ser__L_m + thf_m --> gly_m + h2o_m + mlthf_m,,,-0.4285714285714284,,,-0.8344014294759973
GHMT3:3htmelys_c + h_c --> 4tmeabut_c + gly_c,,,-0.4893617021276595,,,-0.6799563865771764
GK1:atp_c + gmp_c --> adp_c + gdp_c,,,-0.22448979591836715,,,-0.4981651166713507
GLCt1_r:glc__D_e --> glc__D_c,,,-0.328125,,,-0.8050289431615902
GLNS:atp_c + glu__L_c + nh4_c --> adp_c + gln__L_c + h_c + pi_c,,,0.6078431372549019,,,0.9275327178896655
GLNt_r:gln__L_e --> gln__L_c,,,0.5652173913043478,,,0.9052060379048492
GLNtm_1:gln__L_c + h_c --> gln__L_m + h_m,,,,,,
GLU5SAtmc_b:glu5sa_c --> glu5sa_m,-0.19999999999999996,,,-0.4062268081156673,,
GLU5SAtmc_f:glu5sa_m --> glu5sa_c,0.038461538461538325,,,0.37585608213145716,,
GLUCYS:atp_c + cys__L_c + glu__L_c --> adp_c + glucys_c + h_c + pi_c,,,-0.19565217391304368,,,-0.12168636455841118
GLUDC:glu__L_c + h_c --> 4abut_c + co2_c,,,,,,
GLUDym_b:glu__L_m + h2o_m + nadp_m --> akg_m + h_m + nadph_m + nh4_m,,,0.625,,,0.8083021553953471
GLUDym_f:akg_m + h_m + nadph_m + nh4_m --> glu__L_m + h2o_m + nadp_m,,,0.48275862068965525,,,0.7021929042750531
GLUN:gln__L_c + h2o_c --> glu__L_c + nh4_c,,,-0.30000000000000004,,,-0.5044964725502021
GLUNm:gln__L_m + h2o_m --> glu__L_m + nh4_m,,,-0.6000000000000001,,,-0.5356398513986608
GLUPRT:gln__L_c + h2o_c + prpp_c --> glu__L_c + ppi_c + pram_c,,,0.2708333333333335,,,0.5467429005912713
GLUTCOADHm:fad_m + glutcoa_m + h_m --> b2coa_m + co2_m + fadh2_m,,,-0.05263157894736836,,,-0.03180538226150745
GLUt2m:glu__L_c + h_c --> glu__L_m + h_m,,,0.019607843137254832,,,-0.16832853071999787
GLUt4:glu__L_c --> glu__L_e,,,0.4,,,0.8111250416897398
GLYC3Ptm:glyc3p_c --> glyc3p_m,0.0,,,0.20460901797851208,,
GLYt4_r:gly_e --> gly_c,,,0.5945945945945945,,,0.891637984734822
GLYtm_r:gly_m --> gly_c,-0.1702127659574466,,,-0.24924459126643855,,
GMPS:atp_c + nh4_c + xmp_c --> amp_c + gmp_c + 2.0 h_c + ppi_c,,,0.3589743589743589,,,0.4989714150523025
GMPS2:atp_c + gln__L_c + h2o_c + xmp_c --> amp_c + glu__L_c + gmp_c + 2.0 h_c + ppi_c,,,0.4680851063829786,,,0.545008076481339
GRTT:grdp_c + ipdp_c --> frdp_c + ppi_c,,,-0.14583333333333348,,,-0.2226506632912616
GTHOm:gthox_m + h_m + nadph_m --> 2.0 gthrd_m + nadp_m,,,-0.17021276595744683,,,-0.057157999621681624
GTHOr:gthox_c + h_c + nadph_c --> 2.0 gthrd_c + nadp_c,,,0.32692307692307687,,,0.4225000848248469
GTHPi:2.0 gthrd_c + h2o2_c --> gthox_c + 2.0 h2o_c,,,-0.25,,,-0.27614570289156926
GTHPm:2.0 gthrd_m + h2o2_m --> gthox_m + 2.0 h2o_m,,,-0.12903225806451624,,,0.30121840481845513
GTHRDt2_r:gthrd_e --> gthrd_c,,,,,,
GTHS:atp_c + glucys_c + gly_c --> adp_c + gthrd_c + h_c + pi_c,,,-0.8,,,-0.594528561113238
GUDACtr2:gudac_c --> gudac_e,,,,,,
GluForTx:forglu_c + h2o_c + thf_c --> 5forthf_c + glu__L_c,,,,,,
H2Ot_b:h2o_c --> h2o_e,,,0.5238095238095237,,,0.9162448480453571
H2Ot_f:h2o_e --> h2o_c,,,0.4565217391304347,,,0.9303009633021017
H2Otm_b:h2o_m --> h2o_c,,,0.2499999999999999,,,0.9886052594311993
H2Otm_f:h2o_c --> h2o_m,,,0.5238095238095237,,,0.9973597470133687
HACD1m:3hbcoa__R_m + nad_m --> aacoa_m + h_m + nadh_m,,,,,,
HCO3E:co2_c + h2o_c --> h_c + hco3_c,,,0.36363636363636365,,,0.6826956688287318
HCO3Em:co2_m + h2o_m --> h_m + hco3_m,,,0.08163265306122436,,,0.25291027681274897
HDCAt:hdca_e --> hdca_c,,,-0.25,,,-0.3830319657697893
HEX1:atp_c + glc__D_c --> adp_c + g6p_c + h_c,,,0.23076923076923084,,,0.4454839901663639
HGNTOR:hgentis_c + o2_c --> 4mlacac_c + h_c,,,0.574468085106383,,,0.9658147932628363
HIBDm:3hmp_m + nad_m --> 2mop_m + h_m + nadh_m,,,0.2857142857142858,,,0.6422930797569315
HISDr:his__L_c --> nh4_c + urcan_c,,,0.43181818181818177,,,0.7612277664366718
HIStiDF_r:his__L_e --> his__L_c,,,0.47916666666666663,,,0.23038177950066657
HKYNH:h2o_c + hLkynr_c --> 3hanthrn_c + ala__L_c,,,0.03846153846153855,,,-0.39268934555350754
HMGCOAR:2.0 h_c + hmgcoa_c + 2.0 nadph_c --> coa_c + mev__R_c + 2.0 nadp_c,,,0.21568627450980382,,,0.7775357820810466
HMGCOAS:aacoa_c + accoa_c + h2o_c --> coa_c + h_c + hmgcoa_c,,,0.019607843137254832,,,0.15566041111812073
HMGCOASm:aacoa_m + accoa_m + h2o_m --> coa_m + h_m + hmgcoa_m,,,0.6341463414634145,,,0.9319095935691486
HMGCOAtm:hmgcoa_m --> hmgcoa_c,,,,,,
HMR_1467:HC01118_c + h_c + nadph_c --> nadp_c + ppi_c + sql_c,,,0.0,,,
HMR_1477:h_c + lanost_c + nadph_c + o2_c --> M00939_c + h2o_c + nadp_c,,,0.04255319148936154,,,0.5267250748826764
HMR_1478:M00939_c + h_c + nadph_c + o2_c --> M00937_c + 2.0 h2o_c + nadp_c,,,0.04255319148936154,,,0.5267250748826764
HMR_1479:M00937_c + nadph_c + o2_c --> 44mctr_c + for_c + h2o_c + nadp_c,,,0.04255319148936154,,,0.5267250748826764
HMR_1490:44mzym_c + h_c + nadph_c + o2_c --> M00961_c + h2o_c + nadp_c,,,0.326923076923077,,,0.6145827229653946
HMR_1493:M00961_c + h_c + nadph_c + o2_c --> M00957_c + 2.0 h2o_c + nadp_c,,,0.326923076923077,,,0.6145827229653946
HMR_1494:M00957_c + h_c + nadph_c + o2_c --> 4mzym_int1_c + h2o_c + nadp_c,,,0.326923076923077,,,0.6145827229653946
HMR_1495:4mzym_int1_c + nadp_c --> 4mzym_int2_c + co2_c + h_c + nadph_c,,,0.16666666666666663,,,0.6883088964945829
HMR_1500:4mzym_int2_c + 3.0 h_c + nadp_c --> HC02110_c + nadph_c,,,-0.03773584905660354,,,0.35342906877559216
HMR_1502:HC02110_c + h_c + nadph_c + o2_c --> M00963_c + h2o_c + nadp_c,,,0.326923076923077,,,0.6145827229653946
HMR_1503:M00963_c + h_c + nadph_c + o2_c --> M00959_c + 2.0 h2o_c + nadp_c,,,0.326923076923077,,,0.6145827229653946
HMR_1504:M00959_c + h_c + nadph_c + o2_c --> M00955_c + h2o_c + nadp_c,,,0.326923076923077,,,0.6145827229653946
HMR_1505:M00955_c + nadp_c --> M01067_c + co2_c + h_c + nadph_c,,,0.16666666666666663,,,0.8602881476895564
HMR_1509:M01067_c + h_c + nadph_c --> nadp_c + zymst_c,,,-0.03773584905660354,,,0.35342906877559216
HMR_1516:chlstol_c + h_c + nadph_c + o2_c --> ddsmsterol_c + 2.0 h2o_c + nadp_c,,,0.1346153846153847,,,0.5952424640172931
HMR_3915:amet_c + thf_c --> 5mthf_c + ahcys_c,,,,,,
HMR_3951:so3_c --> so3_e,,,,,,
HMR_4964:cit_m + h_m + mal__L_c --> cit_c + h_c + mal__L_m,,,0.6,,,0.7291105138258409
ICDHxm:icit_m + nad_m --> akg_m + co2_m + nadh_m,,,-0.5957446808510638,,,-0.8164505406874527
ICDHym_b:akg_m + co2_m + nadph_m --> icit_m + nadp_m,,,0.7,,,0.9445176919292229
ICDHym_f:icit_m + nadp_m --> akg_m + co2_m + nadph_m,,,0.8863636363636364,,,0.9443963545747258
ICDHyr:icit_c + nadp_c --> akg_c + co2_c + nadph_c,,,-0.11111111111111116,,,0.02116518041772808
ILETA:akg_c + ile__L_c --> 3mop_c + glu__L_c,,,0.0,,,
ILETAm:akg_m + ile__L_m --> 3mop_m + glu__L_m,,,0.0,,,
ILEtec_r:ile__L_e --> ile__L_c,,,-0.22222222222222232,,,-0.31255976784508177
ILEtmi:ile__L_c --> ile__L_m,,,,,,
IMPC:fprica_c --> h2o_c + imp_c,,,0.4897959183673469,,,0.632455737085086
IMPDH2:h2o_c + imp_c + nad_c --> h_c + nadh_c + xmp_c,,,0.1836734693877552,,,0.21801340898827393
IZPN:4izp_c + h2o_c --> forglu_c + h_c,,,-0.4285714285714286,,,-0.5541173366391828
KYN:Lkynr_c + h2o_c --> ala__L_c + anth_c + h_c,,,0.574468085106383,,,0.9041827063710598
KYN3OX:Lkynr_c + h_c + nadph_c + o2_c --> h2o_c + hLkynr_c + nadp_c,,,0.5918367346938775,,,0.9059902488157375
LDH_L:h_c + nadh_c + pyr_c --> lac__L_c + nad_c,,,0.6875,,,0.9865616041756977
LEUt5m:leu__L_c --> leu__L_m,0.264705882352941,,,0.4999015831247752,,
LEUtec_r:leu__L_e --> leu__L_c,,,-0.22222222222222232,,,-0.3165690294401153
LNSTLS:Ssq23epx_c --> lanost_c,,,-0.37254901960784315,,,-0.9011279840979083
LYSt5r_r:lys__L_e --> lys__L_c,,,0.782608695652174,,,0.915651106309266
LYStm:h_m + lys__L_c --> h_c + lys__L_m,,,0.07407407407407418,,,0.3254255242295354
MACACI:4mlacac_c --> 4fumacac_c,,,-0.3414634146341464,,,-0.5582211198478845
MCAT:ACP_c + malcoa_c --> coa_c + malACP_c,,,-0.30434782608695654,,,-0.6105550979891979
MCCCrm:3mb2coa_m + atp_m + hco3_m --> 3mgcoa_m + adp_m + h_m + pi_m,,,-0.33333333333333326,,,-0.4044823020529901
MCPST:cyan_c + mercppyr_c --> h_c + pyr_c + tcynt_c,,,-0.13636363636363624,,,-0.27104598542206676
MDH_b:h_c + nadh_c + oaa_c --> mal__L_c + nad_c,,,0.7777777777777778,,,0.9046807836854263
MDHm_b:h_m + nadh_m + oaa_m --> mal__L_m + nad_m,,,0.4318181818181819,,,0.9451064367814404
MDRPD:5mdru1p_c --> dkmpp_c + h2o_c,,,0.4736842105263158,,,0.749252695379053
METAT:atp_c + h2o_c + met__L_c --> amet_c + pi_c + ppi_c,,,-0.5384615384615383,,,-0.8366991333478142
METtec_r:met__L_e --> met__L_c,,,-0.38888888888888884,,,-0.22514104227641382
MEVK1:atp_c + mev__R_c --> 5pmev_c + adp_c + h_c,,,-0.24999999999999978,,,-0.6135490026901118
MGCHrm:3mgcoa_m + h2o_m --> hmgcoa_m,,,0.21568627450980382,,,0.5068684866762879
MLTHFtm_r:mlthf_m --> mlthf_c,-0.24999999999999978,,,-0.7830949421916913,,
MMALH:HC00900_m + coa_m --> h2o_m + mmcoa__S_m,,,,,,
MMSAD1m:2mop_m + coa_m + nad_m --> co2_m + nadh_m + ppcoa_m,,,-0.02272727272727293,,,-0.2636598765966449
MMTSADm:2mop_m + coa_m + nad_m --> h_m + mmcoa__R_m + nadh_m,,,,,,
MTAP:5mta_c + pi_c --> 5mdr1p_c + ade_c,,,0.7222222222222222,,,0.90448640172225
MTHFC_b:h2o_c + methf_c --> 10fthf_c + h_c,,,-0.35416666666666674,,,-0.4918442981982958
MTHFC_f:10fthf_c + h_c --> h2o_c + methf_c,,,0.7,,,0.9229005823965394
MTHFCm:10fthf_m + h_m --> h2o_m + methf_m,,,-0.0869565217391306,,,-0.276977261803405
MTHFD:methf_c + nadph_c --> mlthf_c + nadp_c,,,-0.12244897959183665,,,0.027744374238235503
MTHFD2i_f:methf_c + nadh_c --> mlthf_c + nad_c,,,0.5,,,0.6883985271315216
MTHFDm:methf_m + nadph_m --> mlthf_m + nadp_m,,,-0.19565217391304368,,,-0.5918294265278508
MTHFR3:2.0 h_c + mlthf_c + nadph_c --> 5mthf_c + nadp_c,,,0.04255319148936154,,,-0.009337881117747054
MTRI:5mdr1p_c --> 5mdru1p_c,,,,,,
MetSynthesis:2kmb_c + gln__L_c + 2.0 h_c --> glu__L_c + met__L_c,,,,,,
NBAHH_ir:carn_c + h2o_c --> ala_B_c + his__L_c,,,0.30000000000000004,,,0.6189779315026647
NDPK1:atp_c + gdp_c --> adp_c + gtp_c,,,0.6938775510204083,,,0.9243298162217984
NDPK2:atp_c + udp_c --> adp_c + utp_c,,,0.021739130434782483,,,-0.3007479765942707
NDPK3_b:atp_c + cdp_c --> adp_c + ctp_c,,,0.31818181818181823,,,0.4457408192705085
NDPK3_f:adp_c + ctp_c --> atp_c + cdp_c,,,0.5652173913043478,,,0.8192591590210445
NDPK4:atp_c + dtdp_c --> adp_c + dttp_c,,,-0.04166666666666652,,,-0.36369638570617624
NDPK5:atp_c + dgdp_c --> adp_c + dgtp_c,,,-0.04166666666666652,,,-0.36018907543210255
NDPK7:atp_c + dcdp_c --> adp_c + dctp_c,,,-0.04166666666666652,,,-0.35956483435129943
NDPK8:atp_c + dadp_c --> adp_c + datp_c,,,-0.04166666666666652,,,-0.3627538786621325
NH4t:nh4_c --> nh4_e,,,,,,
NH4tm_b:nh4_m --> nh4_c,,,,,,
NH4tm_f:nh4_c --> nh4_m,,,,,,
O2t_r:o2_e --> o2_c,,,,,,
O2tm:o2_c --> o2_m,,,,,,
OBDHc:2obut_c + coa_c + nad_c --> co2_c + nadh_c + ppcoa_c,,,,,,
OCBTm:cbp_m + orn_m --> citr__L_m + h_m + pi_m,,,,,,
OIVD1m:4mop_m + coa_m + nad_m --> co2_m + ivcoa_m + nadh_m,,,0.23913043478260865,,,-0.08529003243914107
OIVD2m:3mob_m + coa_m + nad_m --> co2_m + ibcoa_m + nadh_m,,,0.19999999999999996,,,0.6376470972530628
OMPDC:h_c + orot5p_c --> co2_c + ump_c,,,0.14893617021276595,,,0.4471289421153068
ORNDC:h_c + orn_c --> co2_c + ptrc_c,,,0.4565217391304347,,,0.6264342873623047
ORNt4m:citr__L_m + h_c + orn_c --> citr__L_c + h_m + orn_m,,,0.0,,,
ORPT:orot_c + prpp_c --> orot5p_c + ppi_c,,,0.14893617021276595,,,0.4471289421153068
P5CR:1pyr5c_c + 2.0 h_c + nadph_c --> nadp_c + pro__L_c,,,-0.19047619047619047,,,-0.4265459812014241
PCC:atp_m + hco3_m + ppcoa_m --> adp_m + h_m + mmcoa__S_m + pi_m,,,,,,
PCLAD:cmusa_c + h_c --> am6sa_c + co2_c,,,-0.27659574468085135,,,0.4636890094311458
PCm:atp_m + hco3_m + pyr_m --> adp_m + h_m + oaa_m + pi_m,,,0.47916666666666663,,,0.296902252618545
PEPCK_re:gtp_c + oaa_c --> co2_c + gdp_c + pep_c,,,0.736842105263158,,,0.9951449598903888
PFK:atp_c + f6p_c --> adp_c + fdp_c + h_c,,,-0.20689655172413768,,,-0.4064491656860234
PGL:6pgl_c + h2o_c --> 6pgc_c + h_c,,,-0.11111111111111116,,,-0.72347758976705
PGM_b:2pg_c --> 3pg_c,,,0.6590909090909091,,,0.9470494911389145
PHETHPTOX2:o2_c + phe__L_c + thbpt_c --> CE2705_c + h2o_c + tyr__L_c,,,,,,
PHEtec_r:phe__L_e --> phe__L_c,,,-0.19999999999999996,,,-0.3421840586455365
PHLACHt_b:h_e --> h_c,,,,,,
PHLACHt_f:h_c --> h_e,,,,,,
PMEVK:5pmev_c + atp_c --> 5dpmev_c + adp_c,,,0.33333333333333337,,,0.8955697351605661
PPA:h2o_c + ppi_c --> h_c + 2.0 pi_c,,,0.3181818181818181,,,0.09975086237042803
PPCOAtm:ppcoa_c --> ppcoa_m,0.0,,,-0.6501699832365087,,
PRAGSr:atp_c + gly_c + pram_c --> adp_c + gar_c + h_c + pi_c,,,0.30000000000000004,,,0.5354045940097667
PRAIS:atp_c + fpram_c --> adp_c + air_c + 2.0 h_c + pi_c,,,0.30000000000000004,,,0.5354045940097667
PRASCSi:5aizc_c + asp__L_c + atp_c --> 25aics_c + adp_c + h_c + pi_c,,,0.3750000000000001,,,0.37665105011271227
PRFGS:atp_c + fgam_c + gln__L_c + h2o_c --> adp_c + fpram_c + glu__L_c + h_c + pi_c,,,0.2857142857142858,,,0.2659258698354914
PRO1x:1pyr5c_c + 2.0 h_c + nadh_c --> nad_c + pro__L_c,,,-0.171875,,,-0.6436049373418815
PROD2:fad_c + pro__L_c --> 1pyr5c_c + fadh2_c + h_c,,,,,,
PROPAT4te_r:pro__L_e --> pro__L_c,,,-0.4130434782608696,,,-0.7825157275870376
PRPPS:atp_c + r5p_c --> amp_c + h_c + prpp_c,,,-0.34615384615384603,,,-0.6704580954997224
PSERT:3php_c + glu__L_c --> akg_c + pser__L_c,,,-0.10169491525423724,,,-0.03147582571842549
PSP_L:h2o_c + pser__L_c --> pi_c + ser__L_c,,,-0.33333333333333304,,,-0.4593520782648323
PTRCOX1:h2o_c + o2_c + ptrc_c --> 4abutn_c + h2o2_c + nh4_c,,,-0.4285714285714286,,,-0.1514881669734768
PTRCtex2_b:ptrc_e --> ptrc_c,,,,,,
PTRCtex2_f:ptrc_c --> ptrc_e,,,,,,
PYK:adp_c + h_c + pep_c --> atp_c + pyr_c,,,0.2857142857142858,,,-0.043746662720125375
PYRt2:h_e + pyr_e --> h_c + pyr_c,,,-0.21621621621621623,,,-0.4612099654600098
PYRt2m_b:h_m + pyr_m --> h_c + pyr_c,,,0.9,,,0.9637745340493067
PYRt2m_f:h_c + pyr_c --> h_m + pyr_m,,,0.47916666666666663,,,0.7420409906159752
RBFK:atp_c + ribflv_c --> adp_c + fmn_c + h_c,,,0.0,,,
RE2410C:ddsmsterol_c + h_c + nadph_c --> dsmsterol_c + nadp_c,,,,,,
RNDR3:cdp_c --> dcdp_c + h2o_c,,,0.1836734693877552,,,0.361313161047153
RNDR4:udp_c --> dudp_c + h2o_c,,,0.19999999999999996,,,0.5167456868246301
SACCD3m:akg_m + h_m + lys__L_m + nadph_m --> h2o_m + nadp_m + saccrp__L_m,,,0.7619047619047619,,,0.9231078031542201
SMO:h_c + nadph_c + o2_c + sql_c --> Ssq23epx_c + h2o_c + nadp_c,,,0.5918367346938775,,,0.6328995553422314
SPMDtex2:spmd_c --> spmd_e,,,,,,
SPMS:ametam_c + ptrc_c --> 5mta_c + h_c + spmd_c,,,0.18604651162790709,,,-0.18327159563962114
SPODMm:2.0 h_m + 2.0 o2s_m --> h2o2_m + o2_m,,,-0.3999999999999999,,,-0.5643337876863237
SPRMS:ametam_c + spmd_c --> 5mta_c + h_c + sprm_c,,,0.14893617021276595,,,-0.17462320735228365
SPRMti:sprm_c --> sprm_e,,,,,,
SUCD1m:fad_m + succ_m --> fadh2_m + fum_m,,,-0.13636363636363624,,,-0.19479318841438825
SUCOAS1m_f:gdp_m + pi_m + succoa_m --> coa_m + gtp_m + succ_m,,,0.21052631578947367,,,0.8038355951438924
TCYNTt:tcynt_c --> tcynt_e,,,,,,
THBPTt_r:thbpt_e --> thbpt_c,,,,,,
THD1m:h_c + nadh_m + nadp_m --> h_m + nad_m + nadph_m,,,-0.41025641025641035,,,-0.12334404278154565
THRD_L:thr__L_c --> 2obut_c + nh4_c,,,,,,
THYMDt1_r:thymd_e --> thymd_c,,,-0.05769230769230771,,,-0.0876900482380156
TKT1_f:r5p_c + xu5p__D_c --> g3p_c + s7p_c,,,-0.17021276595744705,,,0.2897906968922999
TMABADH:4tmeabut_c + h2o_c + nad_c --> 4tmeabutn_c + 2.0 h_c + nadh_c,,,-0.6304347826086958,,,-0.7442306379740642
TMDK1:atp_c + thymd_c --> adp_c + dtmp_c + h_c,,,0.0714285714285714,,,0.13546462876448864
TMDS:dump_c + mlthf_c --> dhf_c + dtmp_c,,,-0.14583333333333348,,,0.04091837633827648
TMLYSOX:akg_c + o2_c + tmlys_c --> 3htmelys_c + co2_c + succ_c,,,-0.020408163265306145,,,0.4913150662150842
TMLYStd_r:tmlys_e --> tmlys_c,,,,,,
TPI:dhap_c --> g3p_c,,,0.4444444444444444,,,0.5684206979775702
TRPO2:o2_c + trp__L_c --> 5hoxnfkyn_c,,,,,,
TYRt_r:tyr__L_e --> tyr__L_c,,,0.7727272727272727,,,0.9405166018621984
Transport3HB_forward:CE5126_c + h_c --> CE5126_m + h_m,,,,,,
TransportFAD:fad_m + fadh2_c --> fad_c + fadh2_m,,,,,,
Transport_4abut_c_e:4abut_c --> 4abut_e,-0.09756097560975596,,,-0.2783492717237982,,
Transport_HC00576_c_e:HC00576_c --> HC00576_e,,,,,,
Transport_ala_B_c_e:ala_B_c --> ala_B_e,,,,,,
Transport_octanoyl_ACP_c_e:octanoyl_ACP_e --> octanoyl_ACP_c,,,,,,
UMPK:atp_c + ump_c --> adp_c + udp_c,,,0.11764705882352933,,,0.3118106356268562
UMPuptake_r:ump_e --> ump_c,,,,,,
UNK3:2kmb_c + glu__L_c --> akg_c + met__L_c,,,,,,
URCN:h2o_c + urcan_c --> 4izp_c,,,0.31034482758620685,,,0.7448467670633141
UREAt:urea_c --> urea_e,,,0.021739130434782483,,,0.8115181421377092
URIDK2r:adp_c + dudp_c --> atp_c + dump_c,,,-0.01851851851851838,,,0.09703419831835271
VALt5m:val__L_c --> val__L_m,0.33333333333333337,,,0.8750474577714435,,
VALtec_r:val__L_e --> val__L_c,,,0.3902439024390245,,,0.5866737473843734
bAlaSynthesis:csn_c + 3.0 h2o_c + 3.0 h_c + nadph_c --> ala_B_c + co2_c + nadp_c + 2.0 nh4_c,,,,,,
bBDH:CE5126_m + nad_m --> acac_m + h_m + nadh_m,,,,,,
betaOxidation:7.0 coa_m + 7.0 fad_m + 7.0 h2o_m + 7.0 nad_m + ptth_m --> 8.0 accoa_m + 7.0 fadh2_m + 7.0 h_m + 7.0 nadh_m,,,0.042553191489361764,,,0.853279047988098
carnitineAcylTransferaseI:crn_c + ptth_c --> coa_c + pmtcrn_c,,,-0.14583333333333348,,,-0.7158304042551218
carnitineAcylTransferaseII:coa_m + pmtcrn_m --> crn_m + ptth_m,,,-0.17021276595744683,,,-0.07416886072228251
palmitateActivation:atp_c + coa_c + hdca_c --> amp_c + ppi_c + ptth_c,,,-0.03773584905660354,,,0.1393305213787277
r0074_b:glu5sa_m + h2o_m + nad_m --> glu__L_m + 2.0 h_m + nadh_m,,,0.2857142857142858,,,0.7583908740038132
r0074_f:glu__L_m + 2.0 h_m + nadh_m --> glu5sa_m + h2o_m + nad_m,,,0.2222222222222222,,,0.474797399229994
r0283:ala_B_c + atp_c + his__L_c --> amp_c + carn_c + h_c + ppi_c,,,0.054054054054053946,,,0.6576123665340152
r0407:HC00361_c --> dhap_c + e4p_c,,,0.5098039215686275,,,0.7971565919857708
r0408:atp_c + s7p_c --> HC00361_c + adp_c + h_c,,,0.10256410256410264,,,0.08121735247814704
r0465_1:4abut_c + atp_c + his__L_c --> HC00576_c + amp_c + 2.0 h_c + ppi_c,,,-0.05263157894736836,,,0.7028641348713272
r0525:h2o_m + nad_m + saccrp__L_m --> L2aadp6sa_m + glu__L_m + h_m + nadh_m,,,0.7619047619047619,,,0.9231078031542201
r0643:2mop_m + h2o_m + nad_m --> HC00900_m + 2.0 h_m + nadh_m,,,-0.04651162790697683,,,-0.41680072845313076
r0681:R_3_hydroxybutanoyl_ACP_c --> but_2_enoyl_ACP_c + h2o_c,,,-0.30434782608695654,,,-0.610556706971463
r0682:but_2_enoyl_ACP_c + h_c + nadph_c --> butyryl_ACP_c + nadp_c,,,-0.30434782608695654,,,-0.610556706971463
r0691:HC01587_c + h_c + nadph_c --> R_3_hydroxybutanoyl_ACP_c + nadp_c,,,-0.30434782608695654,,,-0.610556706971463
r0692:3_oxodecanoyl_ACP_c + h_c + nadph_c --> R_3_hydroxydecanoyl_ACP_c + nadp_c,,,-0.30434782608695654,,,-0.610556706971463
r0693:R_3_hydroxydecanoyl_ACP_c --> 2E_decenoyl_ACP_c + h2o_c,,,-0.30434782608695654,,,-0.610556706971463
r0694:3_oxooctanoyl_ACP_c + h_c + nadph_c --> R_3_hydroxyoctanoyl_ACP_c + nadp_c,,,-0.30434782608695654,,,-0.610556706971463
r0695:R_3_hydroxyoctanoyl_ACP_c --> 2E_octenoyl_ACP_c + h2o_c,,,-0.30434782608695654,,,-0.610556706971463
r0696:3_oxohexadecanoyl_ACP_c + h_c + nadph_c --> R_3_hydroxypalmitoyl_ACP_c + nadp_c,,,-0.30434782608695654,,,-0.610556706971463
r0697:R_3_hydroxypalmitoyl_ACP_c --> 2E_hexadecenoyl_ACP_c + h2o_c,,,-0.30434782608695654,,,-0.610556706971463
r0701:3_oxotetradecanoyl_ACP_c + h_c + nadph_c --> HMA_c + nadp_c,,,-0.30434782608695654,,,-0.610556706971463
r0702:HMA_c --> 2E_tetradecenoyl_ACP_c + h2o_c,,,-0.30434782608695654,,,-0.610556706971463
r0712:2E_dodecenoyl_ACP_c + h_c + nadph_c --> dodecanoyl_ACP_c + nadp_c,,,-0.30434782608695654,,,-0.610556706971463
r0713:dodecanoyl_ACP_c + malACP_c --> 3_oxotetradecanoyl_ACP_c + ACP_c + co2_c,,,-0.30434782608695654,,,-0.610556706971463
r0760:butyryl_ACP_c + malACP_c --> 3_oxohexanoyl_ACP_c + ACP_c + co2_c,,,-0.30434782608695654,,,-0.610556706971463
r0761:3_oxohexanoyl_ACP_c + h_c + nadph_c --> D_3_hydroxyhexanoyl_ACP_c + nadp_c,,,-0.30434782608695654,,,-0.610556706971463
r0762:D_3_hydroxyhexanoyl_ACP_c --> 2E_hexenoyl_ACP_c + h2o_c,,,-0.30434782608695654,,,-0.610556706971463
r0763:2E_hexenoyl_ACP_c + h_c + nadph_c --> hexanoyl_ACP_c + nadp_c,,,-0.30434782608695654,,,-0.610556706971463
r0764:hexanoyl_ACP_c + malACP_c --> 3_oxooctanoyl_ACP_c + ACP_c + co2_c,,,-0.30434782608695654,,,-0.610556706971463
r0765:2E_octenoyl_ACP_c + h_c + nadph_c --> nadp_c + octanoyl_ACP_c,,,-0.30434782608695654,,,-0.610556706971463
r0766:malACP_c + octanoyl_ACP_c --> 3_oxodecanoyl_ACP_c + ACP_c + co2_c,,,-0.30434782608695654,,,-0.610556706971463
r0767:2E_decenoyl_ACP_c + h_c + nadph_c --> decanoyl_ACP_c + nadp_c,,,-0.30434782608695654,,,-0.610556706971463
r0768:decanoyl_ACP_c + malACP_c --> 3_oxododecanoyl_ACP_c + ACP_c + co2_c,,,-0.30434782608695654,,,-0.610556706971463
r0769:3_oxododecanoyl_ACP_c + h_c + nadph_c --> D_3_hydroxydodecanoyl_ACP_c + nadp_c,,,-0.30434782608695654,,,-0.610556706971463
r0770:D_3_hydroxydodecanoyl_ACP_c --> 2E_dodecenoyl_ACP_c + h2o_c,,,-0.30434782608695654,,,-0.610556706971463
r0771:2E_tetradecenoyl_ACP_c + h_c + nadph_c --> nadp_c + tetradecanoyl_ACP_c,,,-0.30434782608695654,,,-0.610556706971463
r0772:malACP_c + tetradecanoyl_ACP_c --> 3_oxohexadecanoyl_ACP_c + ACP_c + co2_c,,,-0.30434782608695654,,,-0.610556706971463
r0773:2E_hexadecenoyl_ACP_c + h_c + nadph_c --> hexadecanoyl_ACP_c + nadp_c,,,-0.30434782608695654,,,-0.610556706971463
r0885:gthrd_c + pi_m --> gthrd_m + pi_c,,,0.375,,,0.7176631604773194
r0963_r:fol_e --> fol_c,,,0.6590909090909091,,,0.9607789896267362
r1435:ser__L_c --> ser__L_m,0.2222222222222222,,,0.3283394674263222,,
r1616_r:trp__L_e --> trp__L_c,,,0.4897959183673469,,,0.5592985489060689
r2420:h_c + pi_c --> h_m + pi_m,,,-0.22222222222222232,,,-0.6771437108198439
r2526_r:ser__L_e --> ser__L_c,,,0.6428571428571428,,,0.8947552091421664
r2532_r:asn__L_e --> asn__L_c,,,-0.21212121212121215,,,-0.32986358815744754
r2534_r:thr__L_e --> thr__L_c,,,1.0,,,0.9847190449073452
